<?xml version="1.0" encoding="UTF-8"?>
<project-private xmlns="http://www.netbeans.org/ns/project-private/1">
    <editor-bookmarks xmlns="http://www.netbeans.org/ns/editor-bookmarks/2" lastBookmarkId="0"/>
    <open-files xmlns="http://www.netbeans.org/ns/projectui-open-files/2">
        <group name="DASHBOARD">
            <file>file:/C:/Users/user/OneDrive/Documents/NetBeansProjects/RESTRO-FLOW/src/DATA/tables.java</file>
            <file>file:/C:/Users/user/OneDrive/Documents/NetBeansProjects/RESTRO-FLOW/src/restro/flow/signup.java</file>
            <file>file:/C:/Users/user/OneDrive/Documents/NetBeansProjects/RESTRO-FLOW/src/restro/flow/main.java</file>
            <file>file:/C:/Users/user/OneDrive/Documents/NetBeansProjects/RESTRO-FLOW/src/MODEL/user.java</file>
            <file>file:/C:/Users/user/OneDrive/Documents/NetBeansProjects/RESTRO-FLOW/src/restro/flow/RESTROFLOW.java</file>
        </group>
        <group>
            <file>file:/D:/Restroflow/RESTRO-FLOW/src/restro_flow/signup.java</file>
            <file>file:/D:/Restroflow/RESTRO-FLOW/src/DATA/tables.java</file>
            <file>file:/D:/Restroflow/RESTRO-FLOW/src/adminpanel/pending.java</file>
            <file>file:/D:/Restroflow/RESTRO-FLOW/src/restro_flow/login.java</file>
            <file>file:/D:/Restroflow/RESTRO-FLOW/src/adminpanel/menumanagement.java</file>
            <file>file:/D:/Restroflow/RESTRO-FLOW/src/DATA/connectionclass.java</file>
            <file>file:/D:/Restroflow/RESTRO-FLOW/src/dashboard/component/Menu.java</file>
            <file>file:/D:/Restroflow/RESTRO-FLOW/src/DATA/dbop.java</file>
            <file>file:/D:/Restroflow/RESTRO-FLOW/src/restro_flow/dashboardmain.java</file>
            <file>file:/D:/Restroflow/RESTRO-FLOW/src/dashboard/swing/Button.java</file>
            <file>file:/D:/Restroflow/RESTRO-FLOW/src/dashboard/component/Header.java</file>
            <file>file:/D:/Restroflow/RESTRO-FLOW/src/restro_flow/main.java</file>
            <file>file:/D:/Restroflow/RESTRO-FLOW/src/DATA/userdata.java</file>
        </group>
    </open-files>
</project-private>
